{
  "results": [
    {
      "variant": "baseline",
      "accuracy": 0.88,
      "precision": 0.7357142857142858,
      "recall": 0.7645089285714286,
      "f1Score": 0.7498352711118669,
      "avgConfidence": 0.8000426838137676,
      "totalCost": 0.0011,
      "avgCostPerTransaction": 0.000011000000000000001,
      "avgLatencyMs": 731.07,
      "llmInvocations": 100,
      "correctPredictions": 88,
      "totalPredictions": 100,
      "confusionMatrix": {
        "550e8400-e29b-41d4-a716-446655440106": {
          "550e8400-e29b-41d4-a716-446655440301": 1,
          "550e8400-e29b-41d4-a716-446655440106": 6,
          "550e8400-e29b-41d4-a716-446655440205": 1
        },
        "550e8400-e29b-41d4-a716-446655440105": {
          "550e8400-e29b-41d4-a716-446655440105": 6,
          "550e8400-e29b-41d4-a716-446655440301": 1
        },
        "550e8400-e29b-41d4-a716-446655440301": {
          "550e8400-e29b-41d4-a716-446655440301": 7
        },
        "550e8400-e29b-41d4-a716-446655440303": {
          "550e8400-e29b-41d4-a716-446655440303": 9
        },
        "550e8400-e29b-41d4-a716-446655440304": {
          "550e8400-e29b-41d4-a716-446655440304": 12
        },
        "550e8400-e29b-41d4-a716-446655440207": {
          "550e8400-e29b-41d4-a716-446655440207": 6
        },
        "550e8400-e29b-41d4-a716-446655440205": {
          "550e8400-e29b-41d4-a716-446655440205": 6
        },
        "550e8400-e29b-41d4-a716-446655440206": {
          "550e8400-e29b-41d4-a716-446655440206": 6
        },
        "550e8400-e29b-41d4-a716-446655440208": {
          "550e8400-e29b-41d4-a716-446655440208": 4
        },
        "550e8400-e29b-41d4-a716-446655440307": {
          "550e8400-e29b-41d4-a716-446655440307": 9
        },
        "550e8400-e29b-41d4-a716-446655440306": {
          "550e8400-e29b-41d4-a716-446655440306": 7,
          "550e8400-e29b-41d4-a716-446655440205": 1
        },
        "550e8400-e29b-41d4-a716-446655440305": {
          "550e8400-e29b-41d4-a716-446655440305": 7
        },
        "550e8400-e29b-41d4-a716-446655440401": {
          "550e8400-e29b-41d4-a716-446655440106": 1,
          "550e8400-e29b-41d4-a716-446655440307": 1,
          "550e8400-e29b-41d4-a716-446655440105": 1
        },
        "550e8400-e29b-41d4-a716-446655440503": {
          "550e8400-e29b-41d4-a716-446655440301": 1,
          "550e8400-e29b-41d4-a716-446655440308": 1
        },
        "550e8400-e29b-41d4-a716-446655440102": {
          "550e8400-e29b-41d4-a716-446655440102": 3,
          "550e8400-e29b-41d4-a716-446655440207": 1
        },
        "550e8400-e29b-41d4-a716-446655440308": {
          "550e8400-e29b-41d4-a716-446655440307": 2
        }
      }
    },
    {
      "variant": "temp-0",
      "accuracy": 0.88,
      "precision": 0.7406655844155844,
      "recall": 0.7645089285714286,
      "f1Score": 0.7523984062785882,
      "avgConfidence": 0.7973757137261314,
      "totalCost": 0.0011,
      "avgCostPerTransaction": 0.000011000000000000001,
      "avgLatencyMs": 747.24,
      "llmInvocations": 100,
      "correctPredictions": 88,
      "totalPredictions": 100,
      "confusionMatrix": {
        "550e8400-e29b-41d4-a716-446655440106": {
          "550e8400-e29b-41d4-a716-446655440301": 1,
          "550e8400-e29b-41d4-a716-446655440106": 6,
          "550e8400-e29b-41d4-a716-446655440205": 1
        },
        "550e8400-e29b-41d4-a716-446655440105": {
          "550e8400-e29b-41d4-a716-446655440105": 6,
          "550e8400-e29b-41d4-a716-446655440301": 1
        },
        "550e8400-e29b-41d4-a716-446655440301": {
          "550e8400-e29b-41d4-a716-446655440301": 7
        },
        "550e8400-e29b-41d4-a716-446655440303": {
          "550e8400-e29b-41d4-a716-446655440303": 9
        },
        "550e8400-e29b-41d4-a716-446655440304": {
          "550e8400-e29b-41d4-a716-446655440304": 12
        },
        "550e8400-e29b-41d4-a716-446655440207": {
          "550e8400-e29b-41d4-a716-446655440207": 6
        },
        "550e8400-e29b-41d4-a716-446655440205": {
          "550e8400-e29b-41d4-a716-446655440205": 6
        },
        "550e8400-e29b-41d4-a716-446655440206": {
          "550e8400-e29b-41d4-a716-446655440206": 6
        },
        "550e8400-e29b-41d4-a716-446655440208": {
          "550e8400-e29b-41d4-a716-446655440208": 4
        },
        "550e8400-e29b-41d4-a716-446655440307": {
          "550e8400-e29b-41d4-a716-446655440307": 9
        },
        "550e8400-e29b-41d4-a716-446655440306": {
          "550e8400-e29b-41d4-a716-446655440306": 7,
          "550e8400-e29b-41d4-a716-446655440205": 1
        },
        "550e8400-e29b-41d4-a716-446655440305": {
          "550e8400-e29b-41d4-a716-446655440305": 7
        },
        "550e8400-e29b-41d4-a716-446655440401": {
          "550e8400-e29b-41d4-a716-446655440106": 1,
          "550e8400-e29b-41d4-a716-446655440307": 1,
          "550e8400-e29b-41d4-a716-446655440308": 1
        },
        "550e8400-e29b-41d4-a716-446655440503": {
          "550e8400-e29b-41d4-a716-446655440301": 2
        },
        "550e8400-e29b-41d4-a716-446655440102": {
          "550e8400-e29b-41d4-a716-446655440102": 3,
          "550e8400-e29b-41d4-a716-446655440207": 1
        },
        "550e8400-e29b-41d4-a716-446655440308": {
          "550e8400-e29b-41d4-a716-446655440307": 2
        }
      }
    },
    {
      "variant": "temp-0.5",
      "accuracy": 0.88,
      "precision": 0.7406655844155844,
      "recall": 0.7645089285714286,
      "f1Score": 0.7523984062785882,
      "avgConfidence": 0.8065180417030255,
      "totalCost": 0.0011,
      "avgCostPerTransaction": 0.000011000000000000001,
      "avgLatencyMs": 725.7,
      "llmInvocations": 100,
      "correctPredictions": 88,
      "totalPredictions": 100,
      "confusionMatrix": {
        "550e8400-e29b-41d4-a716-446655440106": {
          "550e8400-e29b-41d4-a716-446655440301": 1,
          "550e8400-e29b-41d4-a716-446655440106": 6,
          "550e8400-e29b-41d4-a716-446655440205": 1
        },
        "550e8400-e29b-41d4-a716-446655440105": {
          "550e8400-e29b-41d4-a716-446655440105": 6,
          "550e8400-e29b-41d4-a716-446655440301": 1
        },
        "550e8400-e29b-41d4-a716-446655440301": {
          "550e8400-e29b-41d4-a716-446655440301": 7
        },
        "550e8400-e29b-41d4-a716-446655440303": {
          "550e8400-e29b-41d4-a716-446655440303": 9
        },
        "550e8400-e29b-41d4-a716-446655440304": {
          "550e8400-e29b-41d4-a716-446655440304": 12
        },
        "550e8400-e29b-41d4-a716-446655440207": {
          "550e8400-e29b-41d4-a716-446655440207": 6
        },
        "550e8400-e29b-41d4-a716-446655440205": {
          "550e8400-e29b-41d4-a716-446655440205": 6
        },
        "550e8400-e29b-41d4-a716-446655440206": {
          "550e8400-e29b-41d4-a716-446655440206": 6
        },
        "550e8400-e29b-41d4-a716-446655440208": {
          "550e8400-e29b-41d4-a716-446655440208": 4
        },
        "550e8400-e29b-41d4-a716-446655440307": {
          "550e8400-e29b-41d4-a716-446655440307": 9
        },
        "550e8400-e29b-41d4-a716-446655440306": {
          "550e8400-e29b-41d4-a716-446655440306": 7,
          "550e8400-e29b-41d4-a716-446655440205": 1
        },
        "550e8400-e29b-41d4-a716-446655440305": {
          "550e8400-e29b-41d4-a716-446655440305": 7
        },
        "550e8400-e29b-41d4-a716-446655440401": {
          "550e8400-e29b-41d4-a716-446655440106": 1,
          "550e8400-e29b-41d4-a716-446655440307": 1,
          "550e8400-e29b-41d4-a716-446655440308": 1
        },
        "550e8400-e29b-41d4-a716-446655440503": {
          "550e8400-e29b-41d4-a716-446655440301": 2
        },
        "550e8400-e29b-41d4-a716-446655440102": {
          "550e8400-e29b-41d4-a716-446655440102": 3,
          "550e8400-e29b-41d4-a716-446655440207": 1
        },